{"cameraMode":{"drawMode":0,"name":"Shaded","section":"Shading Mode"},"sceneLighting":false,"audioPlay":false,"sceneViewState":{"m_AlwaysRefresh":false,"showFog":true,"showSkybox":false,"showFlares":true,"showImageEffects":true,"showParticleSystems":true,"showVisualEffectGraphs":true,"m_FxEnabled":true},"in2DMode":false,"pivot":{"x":-0.01370934396982193,"y":0.01883728802204132,"z":0.08462602645158768},"rotation":{"x":-0.07699713855981827,"y":0.6406463980674744,"z":-0.06480605900287628,"w":-0.7612249255180359},"size":0.14226441085338593,"orthographic":false}